Run 1,Run 1,Run 1,Run 1,Run 1,Run 1,Run 1,Run 1,Run 1
Time (s),Force (N),Acceleration - x (m/så_),Acceleration - y (m/så_),Acceleration - z (m/så_),Acceleration - resultant (m/så_),Angular Velocity - x (rad/s),Angular Velocity - y (rad/s),Angular Velocity - z (rad/s)
0,-5.36,-61.2,-2.7,-5,61.5,-26.1,8.7,7.8
0.01,-5.18,-60.7,-2.7,-5.3,61,-26.1,7.5,8.4
0.02,-5.18,-58.8,-2.6,-6,59.2,-26.1,4.2,10.4
0.03,-5.28,-58.1,-2,-6.6,58.5,-25.9,-0.7,12.2
0.04,-5.45,-58.8,-0.9,-6.6,59.2,-25.3,-4.9,12.3
0.05,-5.54,-59.6,0.1,-6.2,59.9,-24.4,-8.3,11.4
0.06,-5.49,-59.7,0.8,-5.3,59.9,-23.4,-10,9.7
0.07,-5.37,-58.5,1.2,-4.4,58.7,-22.5,-10,7.7
0.08,-5.36,-57.1,1.5,-3.7,57.2,-21.8,-9,5.6
0.09,-5.4,-56.3,2,-3.6,56.5,-21.1,-7.9,3.3
0.1,-5.29,-56.4,2.8,-4,56.6,-20.5,-7.5,0.8
0.11,-4.42,-53.7,3.5,-4.4,54,-20,-7.8,-2
0.12,-4.81,-50.9,4,-4.1,51.2,-19.7,-8.2,-4.9
0.13,-5.13,-48.4,4.1,-3.6,48.7,-19.7,-7.2,-7.7
0.14,-5.23,-50.4,4.2,-3.7,50.7,-19.9,-5.5,-10.5
0.15,-5.65,-53.2,4.3,-4.7,53.5,-20.2,-4.3,-13.4
0.16,-6.5,-56.6,3.5,-5.1,56.9,-20.4,-3.9,-16
0.17,-7.31,-64.5,1.4,-4.9,64.7,-20.4,-2.4,-18
0.18,-7.85,-72.2,-0.2,-4.9,72.4,-20,-0.5,-18.4
0.19,-8,-78.3,-2.1,-5.2,78.5,-19.3,1.1,-17.6
0.2,-7.84,-80.5,-4.5,-5,80.8,-18.5,2.2,-15.4
0.21,-7.48,-79.6,-5.3,-4.1,79.9,-17.6,3.4,-11.7
0.22,-7.05,-76.4,-3.8,-2.9,76.6,-16.8,5.4,-8.6
0.23,-6.7,-72.6,-1.9,-2.2,72.7,-15.9,8.2,-7.1
0.24,-6.39,-69.2,-1.3,-2.2,69.2,-14.9,11.2,-6.8
0.25,-6.06,-66.2,-1.5,-2.3,66.3,-13.7,13.8,-6.6
0.26,-5.6,-63.3,-1.6,-2.6,63.4,-12.4,15.8,-6.3
0.27,-5.02,-59.8,-1.7,-3.2,59.9,-11,16.9,-6.1
0.28,-4.56,-55.2,-2.1,-3.8,55.3,-9.7,16.3,-5.7
0.29,-4.68,-51.1,-2.7,-3.9,51.3,-8.4,14.2,-4.6
0.3,-5.13,-50,-3.2,-3.3,50.2,-7.5,11.8,-2.8
0.31,-5.59,-52.2,-3.2,-2.4,52.4,-6.9,10.5,-0.6
0.32,-6.07,-56.2,-2.9,-1.6,56.3,-6.7,10.8,1.5
0.33,-6.26,-60.6,-2.5,-1.4,60.7,-6.7,12.5,3.5
0.34,-6.02,-63.7,-1.7,-1.6,63.7,-6.7,14.5,5.1
0.35,-5.76,-63.9,-0.4,-2.2,63.9,-6.7,16.2,5.8
0.36,-5.82,-62.9,0.5,-3.3,63,-6.7,16.6,5.6
0.37,-6.12,-63.1,0.6,-4.3,63.3,-6.7,14.9,5
0.38,-6.52,-64.8,0.4,-4.1,64.9,-6.7,12.2,4.5
0.39,-7,-67.4,0.2,-3.2,67.5,-6.9,10.6,4.1
0.4,-7.31,-71.2,-0.1,-2.7,71.2,-7.2,10.5,3.9
0.41,-7.3,-74.7,-0.8,-2.7,74.8,-7.4,10.8,4.1
0.42,-6.93,-75.7,-1.5,-2.5,75.7,-7.4,11.2,4.9
0.43,-6.41,-73.6,-1.5,-2.3,73.7,-7.5,12.1,6
0.44,-5.84,-68.5,-1,-2.6,68.5,-7.8,12.4,7.2
0.45,-5.32,-63.2,-0.7,-2.7,63.3,-8.1,11.5,7.9
0.46,-5.03,-58,-0.5,-2.2,58.1,-8.3,10.2,8.3
0.47,-5.03,-54.5,-0.4,-1.7,54.6,-8.4,9.4,8.5
0.48,-5.27,-53.7,-0.3,-1.4,53.7,-8.6,8.9,8.5
0.49,-5.65,-55.4,-0.4,-1.4,55.4,-8.9,8.7,8.6
0.5,-5.97,-58.7,-0.8,-1.6,58.7,-9.3,8.5,9
0.51,-6.08,-62,-1.3,-1.9,62,-9.8,8.1,9.7
0.52,-6.1,-64.2,-1.5,-2.3,64.2,-10.2,7.4,10.7
0.53,-6.03,-65.2,-1.2,-2.7,65.2,-10.5,5.9,11.5
0.54,-5.85,-64.9,-0.8,-3,65,-10.7,3.9,11.9
0.55,-5.65,-63.5,-0.4,-2.8,63.5,-10.8,1.7,12
0.56,-5.33,-60.9,-0.2,-2.3,61,-10.8,0,11.7
0.57,-4.46,-56,0.1,-1.8,56.1,-10.9,-0.7,11.2
0.58,-4.67,-52,0.7,-1.6,52,-11,-0.9,10.6
0.59,-4.72,-49.4,1.1,-2.1,49.5,-11.4,-1.2,9.4
0.6,-4.79,-50.3,0.7,-2.9,50.4,-11.9,-2.1,8.3
0.61,-4.89,-51.2,-0.7,-3.7,51.4,-12.3,-4.2,8.2
0.62,-5.26,-52.7,-1.1,-4,52.8,-12.6,-6.6,8.8
0.63,-5.84,-55.8,-0.9,-4.4,56,-12.6,-9.1,9
0.64,-6.43,-61,-0.8,-5,61.2,-12.4,-11.6,8.9
0.65,-6.84,-66.5,-1.3,-5.1,66.8,-11.9,-13.7,8.8
0.66,-7.05,-70.5,-1.5,-4.2,70.6,-11.4,-14.2,9.1
0.67,-7.08,-72.7,-1,-3,72.8,-11.1,-12.4,9.2
0.68,-6.88,-73.7,-0.2,-3,73.7,-11.1,-10.1,8.9
0.69,-6.69,-73.5,0.5,-4.1,73.6,-11,-9.1,7.9
0.7,-6.58,-72,1.5,-5.3,72.2,-10.7,-10.4,5.9
0.71,-6.44,-70.7,2.2,-5.8,71,-10.3,-12.3,3.7
0.72,-6.23,-69.2,2.5,-6.1,69.5,-9.9,-14.3,1.3
0.73,-5.81,-66.4,2.1,-5.7,66.7,-9.7,-15.9,-0.6
0.74,-5.21,-61.6,1.3,-4.8,61.8,-9.7,-16.3,-1.8
0.75,-4.7,-55.5,0.5,-3.8,55.6,-9.8,-15.2,-2
0.76,-4.61,-50.5,0.2,-3.3,50.6,-9.9,-13.7,-1.9
0.77,-4.82,-48.6,0.5,-3.3,48.7,-10,-12.4,-1.7
0.78,-5.19,-50.1,1.1,-3.7,50.3,-10.2,-11.8,-2
0.79,-5.49,-53.4,2.2,-4.3,53.6,-10.3,-11.9,-3
0.8,-5.67,-56.6,3.5,-4.5,56.9,-10.5,-12.3,-4.8
0.81,-5.82,-58.6,4.6,-4.3,59,-10.9,-12.1,-7.4
0.82,-5.83,-59.7,5,-4,60,-11.5,-11.1,-10.4
0.83,-5.8,-60,4.3,-3.9,60.2,-12.4,-9.7,-13
0.84,-5.78,-59.5,2.9,-3.8,59.7,-13.4,-8,-14.6
0.85,-5.8,-59,1.5,-3.7,59.2,-14.4,-6.3,-15.1
0.86,-6.11,-59.3,0.6,-3.9,59.4,-15.3,-4.8,-14.9
0.87,-6.54,-61.6,0,-4.2,61.7,-16.2,-3.9,-14.2
0.88,-7.09,-65.3,-0.1,-4,65.4,-17,-3,-13.5
0.89,-7.41,-69.4,0.1,-3.3,69.5,-17.9,-1,-13.1
0.9,-7.53,-73.2,0,-2.9,73.2,-18.5,2.2,-13.3
0.91,-7.4,-75.5,-1,-3.3,75.6,-18.7,5.6,-13.3
0.92,-6.98,-75.5,-2.1,-3.9,75.6,-18.5,7.9,-12.8
0.93,-6.49,-72.9,-2.6,-4,73,-18,9.1,-11.6
0.94,-6.06,-68.6,-2.6,-3.7,68.8,-17.5,9.7,-10.3
0.95,-5.71,-64.2,-2.5,-3.3,64.4,-16.9,10,-9
0.96,-5.48,-60.3,-2.8,-2.8,60.4,-16.4,10.3,-7.6
0.97,-5.44,-56.9,-3.4,-2.1,57,-15.7,11,-5.5
0.98,-5.61,-56.1,-3.9,-1.7,56.3,-15.3,12,-3.2
0.99,-5.93,-57.5,-4.2,-1.7,57.7,-15.1,13.2,-0.6
1,-6.27,-60.9,-4.1,-2.1,61.1,-15.2,14.2,2.1
1.01,-6.47,-65,-3.4,-2.9,65.2,-15.6,14.3,4.6
1.02,-6.61,-68.4,-2.3,-3.6,68.5,-16.1,13.2,6.5
1.03,-6.67,-70.2,-1.4,-3.6,70.3,-16.7,11.5,7.5
1.04,-6.54,-70.7,-1,-3.4,70.7,-17.1,10,7.9
1.05,-6.21,-69.8,-1.1,-3.2,69.9,-17.4,8.7,8.2
1.06,-5.78,-67.1,-1.6,-3.3,67.2,-17.7,7.3,8.7
1.07,-4.72,-63.8,-2,-3.7,63.9,-18.1,5.2,9.7
1.08,-5.4,-56.7,-2.5,-4.3,56.9,-18.4,2.3,11
1.09,-5.84,-56.4,-1.8,-5.2,56.7,-18.8,-0.9,12.2
1.1,-7.24,-64.5,-2,-5.7,64.8,-19.3,-4.2,13.3
1.11,-8.09,-73.9,-2,-6.2,74.1,-19.9,-6.7,14.2
1.12,-8.26,-83.2,-2,-5.9,83.4,-20.2,-8.2,15.2
1.13,-8.04,-87.7,0.3,-5.6,87.9,-20.1,-8.5,14.7
1.14,-7.4,-86.4,2.3,-5.5,86.6,-19.6,-8.2,12.4
1.15,-6.6,-81.2,2.9,-5.9,81.5,-19.4,-8.1,9
1.16,-5.8,-73.5,2.9,-6.5,73.8,-19.4,-8.9,6
1.17,-5.39,-65.5,3.3,-6.6,66,-19.3,-10.2,3
1.18,-5.08,-59.3,3.8,-6.7,59.8,-19.1,-11.7,-0.1
1.19,-4.94,-55.7,4.1,-7,56.3,-18.8,-13.4,-3.1
1.2,-4.9,-53,4.3,-6.8,53.6,-18.7,-15,-5.9
1.21,-5.21,-51.5,4.1,-6,52.1,-18.9,-15.3,-8.2
1.22,-5.62,-51.9,3.6,-4.9,52.3,-19.7,-13.6,-9.8
1.23,-6,-54.8,3.1,-4.5,55.1,-20.7,-10.5,-11
1.24,-6.31,-59.6,2.7,-4.9,59.8,-21.7,-6.7,-12.4
1.25,-6.55,-62.7,1.9,-5,62.9,-22.2,-4,-13.4
1.26,-6.64,-64.9,1.2,-4.8,65.1,-22.5,-1,-14.2
1.27,-6.49,-65.9,0.6,-4.7,66.1,-22.6,2.2,-14.9
1.28,-6.23,-65.1,-0.1,-4.6,65.3,-22.5,5.3,-15.7
1.29,-6.22,-63.8,-1.9,-4.8,64,-22,8,-15.7
1.3,-6.35,-63.5,-4.1,-5,63.8,-21.3,9.5,-14.1
1.31,-6.5,-64.6,-5.3,-4.8,65,-20.7,10.2,-11
1.32,-6.6,-66.1,-5,-4.5,66.5,-20.3,10.7,-7.6
1.33,-6.61,-67.5,-4.3,-4.5,67.8,-20.1,11.1,-4.7
1.34,-6.49,-68.3,-4.1,-4.6,68.5,-19.9,10.9,-2.2
1.35,-6.39,-67.7,-3.9,-4,68,-19.7,10.5,0.1
1.36,-6.31,-66.6,-3.8,-3.2,66.8,-19.7,11,2.3
1.37,-6.29,-66,-3.6,-2.9,66.2,-19.8,12.1,4.4
1.38,-6.38,-66.5,-3.5,-3.4,66.7,-20.1,12.7,6.6
1.39,-6.57,-68.3,-3.3,-4.3,68.5,-20.5,11.9,8.8
1.4,-6.83,-70.9,-3.1,-5.1,71.1,-20.9,9.5,10.9
1.41,-7.07,-73.7,-2.6,-5.4,74,-21.2,6,12.6
1.42,-7.29,-76.3,-1.8,-5.2,76.5,-21.4,2.5,13.6
1.43,-7.46,-78.5,-0.8,-5,78.6,-21.4,-0.3,13.7
1.44,-7.45,-79.9,-0.3,-5,80.1,-21.1,-2.6,13.1
1.45,-7.01,-80,-0.4,-5,80.1,-20.6,-4.4,12.2
1.46,-6.21,-75.4,-0.4,-5,75.6,-19.9,-6,11.4
1.47,-6.12,-70.9,0.5,-4.9,71,-19.3,-7.3,10.3
1.48,-6.11,-66.9,1.6,-5.2,67.1,-19,-8.2,8.3
1.49,-5.82,-65.3,2.7,-5.7,65.6,-18.9,-9.4,5.7
1.5,-5.85,-63.3,3,-6.6,63.7,-18.9,-11.9,2.2
1.51,-6.29,-63.2,3.7,-6.7,63.7,-18.9,-13.6,-0.6
1.52,-6.89,-66.1,4.5,-6.7,66.6,-18.7,-14.7,-3.6
1.53,-7.43,-71.3,4.5,-7.2,71.8,-18.6,-15.4,-6.7
1.54,-7.78,-76.3,3.5,-7.4,76.7,-18.8,-16,-8.8
1.55,-7.89,-79.2,2.2,-6.5,79.5,-19.4,-15.1,-9.6
1.56,-7.84,-80.1,1.5,-5.4,80.3,-19.8,-12.5,-9.7
1.57,-7.57,-79.6,1.6,-5.1,79.8,-19.9,-9.3,-10
1.58,-7.26,-77.8,2.2,-5.1,78,-19.7,-6.7,-11
1.59,-6.99,-74.8,2.5,-4.7,75,-19.3,-4.5,-12.5
1.6,-6.72,-71.6,2.4,-4.1,71.7,-19,-1.7,-14.4
1.61,-6.32,-68.5,1.5,-3.6,68.6,-18.5,1.6,-16.1
1.62,-6,-65.2,-0.1,-3.6,65.3,-17.6,4.8,-17.3
1.63,-5.79,-62.3,-2,-3.8,62.4,-16.4,7,-17.2
1.64,-5.74,-60.2,-3.4,-3.9,60.4,-15.2,8.2,-15.6
1.65,-5.84,-59.4,-3.6,-3.9,59.7,-14.2,8.4,-13.4
1.66,-6.17,-60.1,-3.3,-3.7,60.3,-13.4,8.4,-11.2
1.67,-6.58,-62.5,-3.2,-3.2,62.6,-12.7,8.7,-9.1
1.68,-6.91,-65.9,-3,-2.6,66,-11.9,9.7,-7.1
1.69,-7.17,-69.4,-2.3,-2.1,69.5,-11.3,11.8,-5.5
1.7,-7.19,-72.5,-1.8,-2.4,72.6,-10.7,14.4,-4.5
1.71,-7.21,-74.8,-1.7,-3.2,74.9,-10.2,16.4,-3.8
1.72,-7.08,-75.7,-1.6,-4.2,75.8,-9.7,16.9,-3.2
1.73,-6.96,-75.4,-1.6,-4.5,75.6,-9.2,16.2,-2.6
1.74,-6.86,-74.2,-1.7,-4.3,74.3,-8.7,15,-2.1
1.75,-6.89,-72.9,-2,-3.9,73,-8.4,13.8,-1.4
1.76,-6.9,-72.2,-2.4,-3.3,72.3,-8.2,13,-0.3
1.77,-7,-72.1,-2.4,-2.5,72.2,-8,12.8,1.5
1.78,-7.01,-72.5,-2.2,-2,72.6,-7.9,13.5,2.9
1.79,-7,-73.2,-1.8,-2.1,73.2,-7.9,14.5,4.1
1.8,-6.96,-73.8,-1.1,-2.7,73.8,-8,14.9,5.1
1.81,-6.81,-73.7,-0.5,-3.1,73.7,-8.3,14.4,5.6
1.82,-6.87,-73.1,-0.2,-3,73.2,-8.7,13.3,5.6
1.83,-6.92,-72.8,-0.2,-2.8,72.8,-9,12.2,5.5
1.84,-7,-73.1,-0.5,-2.6,73.1,-9.3,11.3,5.6
1.85,-7.13,-73.8,-1.3,-2.4,73.8,-9.7,10.5,6.1
1.86,-7.26,-74.8,-2.3,-2.2,74.9,-10.1,10.1,7.3
1.87,-7.32,-76.3,-3,-2.3,76.4,-10.6,9.6,9.3
1.88,-7.19,-77.5,-2.8,-2.7,77.6,-11.1,8.6,11.4
1.89,-6.91,-77.2,-2.2,-2.8,77.3,-11.6,6.9,13.1
1.9,-6.57,-75,-1.3,-2.4,75.1,-12.1,5.4,14.1
1.91,-6.24,-71.8,-0.6,-2.1,71.8,-12.5,4.2,14.3
1.92,-5.3,-67.9,-0.2,-1.9,67.9,-12.8,3.3,14.1
1.93,-3.44,-55.3,-0.2,-2,55.4,-13.2,2.4,13.7
1.94,-4.85,-48.7,1.1,-2.1,48.7,-13.6,1.7,13.3
1.95,-6.91,-50.9,2.2,-3.8,51,-14.3,0.2,11.6
1.96,-7.69,-65.5,1,-5.5,65.8,-15.1,-2.5,10
1.97,-8.25,-78.8,-3.4,-6.5,79.1,-15.7,-6.3,10.8
1.98,-8.33,-85.8,-3.4,-5.9,86,-15.8,-8.5,13.3
1.99,-7.95,-88.2,-0.8,-5.5,88.4,-15.4,-9.6,13.6
2,-7.42,-86.2,1,-5.6,86.4,-15.1,-9.8,11.9
2.01,-6.78,-80.9,-0.1,-5.3,81.1,-14.9,-10.3,10.7
2.02,-6.45,-74.9,0.9,-4.5,75,-14.8,-9.7,9.7
2.03,-6.21,-70.2,2.8,-4.5,70.4,-14.6,-9,7.3
2.04,-6,-67.2,3.3,-6.3,67.6,-14,-10.2,3.1
2.05,-5.62,-64.7,2.2,-7.1,65.1,-13.4,-13.3,0.6
2.06,-5.52,-61.4,1.9,-6.6,61.7,-13.2,-15.7,-0.9
2.07,-5.68,-58.7,2.3,-5.3,59,-13.5,-16.1,-2.1
2.08,-5.95,-59.1,2.4,-4.9,59.4,-14,-15,-3.4
2.09,-6.21,-61.6,2,-5.6,61.9,-14.5,-14.4,-4.3
2.1,-6.52,-64.4,2,-5.9,64.7,-14.9,-14.6,-4.9
2.11,-6.82,-66.7,2.7,-5,66.9,-15.3,-13.7,-5.8
2.12,-7.04,-69.2,4.1,-4.3,69.5,-15.6,-11.4,-7.6
2.13,-7.04,-71.6,5.1,-4.8,72,-16,-9,-10.5
2.14,-7.11,-72.6,5,-5.2,73,-16.5,-7.5,-13.6
2.15,-7.2,-72.6,3.6,-4.7,72.8,-17.2,-5.5,-16
2.16,-7.13,-72.6,2,-4.4,72.8,-17.8,-2.6,-17.4
2.17,-6.92,-72.9,0.7,-5.1,73.1,-18.1,-0.3,-18
2.18,-6.8,-71.6,-0.8,-5.4,71.8,-18.3,0.5,-17.8
2.19,-6.84,-70,-2.5,-4.8,70.2,-18.5,1.2,-16.4
2.2,-6.8,-68.9,-3.1,-3.7,69,-18.7,2.7,-14.1
2.21,-6.87,-68.9,-2.9,-3.1,69,-18.8,5.1,-11.9
2.22,-7.01,-69.5,-2.9,-2.8,69.6,-18.7,7.6,-10.2
2.23,-7.06,-70.8,-3.3,-2.9,70.9,-18.3,9.9,-8.3
2.24,-7.03,-71.9,-3.4,-2.9,72,-17.7,11.9,-6.4
2.25,-6.99,-72.6,-2.9,-3.1,72.7,-17.1,13.7,-4.8
2.26,-6.97,-73.1,-2.8,-3.7,73.2,-16.7,14.5,-3.5
2.27,-7.03,-73.4,-3,-4.2,73.6,-16.3,14.1,-2.2
2.28,-7.1,-73.7,-3.3,-4,73.8,-16.1,13,-0.5
2.29,-7.14,-74.1,-3.6,-3.6,74.3,-16.2,12.4,1.5
2.3,-7.14,-75.1,-3.6,-3.4,75.2,-16.5,11.7,4.3
2.31,-7.02,-75.4,-3.6,-3.5,75.6,-16.7,10.6,6.6
2.32,-6.84,-74.8,-3.6,-3.3,75,-17,9.1,8.9
2.33,-6.67,-73.6,-3.4,-2.9,73.7,-17.3,7.7,11.3
2.34,-6.48,-72.2,-2.8,-2.8,72.3,-17.8,6.2,13.2
2.35,-6.26,-70.7,-2,-2.8,70.8,-18.3,4.5,14.6
2.36,-6.09,-68.9,-1.3,-2.9,68.9,-18.6,2.7,15.3
2.37,-5.63,-66.9,-0.6,-3,67,-18.8,0.8,15.3
2.38,-3.43,-56.8,-0.1,-3.4,56.9,-18.7,-1.1,14.7
2.39,-5.21,-51.9,1.9,-3.5,52,-18.7,-2.6,13.4
2.4,-7.01,-53.6,3.2,-5.2,54,-18.8,-4.2,10.5
2.41,-7.54,-67.8,1.9,-7,68.2,-19.2,-6.6,7.8
2.42,-8.36,-80,-1.6,-7.9,80.4,-19.4,-10.2,7.4
2.43,-8.7,-86.4,-1.1,-7.3,86.8,-19.3,-12.2,8.3
2.44,-8.43,-90.6,1.4,-7.3,90.9,-18.8,-13.3,6.9
2.45,-7.86,-90.3,2.5,-7.8,90.7,-18.2,-14.3,4.4
2.46,-7.02,-84.7,1.1,-7.2,85,-17.7,-15.6,2.7
2.47,-6.23,-75.9,2.1,-5.2,76.2,-17.5,-14.5,1.5
2.48,-5.72,-67.6,3.8,-4.2,67.9,-17.4,-11.9,-0.8
2.49,-5.31,-61.8,4.8,-5.1,62.2,-17.2,-10.4,-4.2
2.5,-4.96,-57.3,4.2,-6,57.8,-16.9,-10.9,-7.2
2.51,-5.2,-53.7,4.1,-5.6,54.1,-16.9,-11.6,-9.5
2.52,-5.76,-52.7,4.3,-4.4,53.1,-17.3,-10.5,-11.6
2.53,-6.39,-56.6,4.6,-4.2,56.9,-17.9,-8,-14
2.54,-7.07,-63,4.1,-5.1,63.4,-18.4,-5.9,-16.5
2.55,-7.58,-69.4,2.2,-5.5,69.6,-18.7,-4.6,-18.2
2.56,-7.78,-74,-0.8,-4.6,74.2,-18.8,-2.3,-18
2.57,-7.52,-77.3,-2.4,-4.3,77.5,-18.7,1.8,-15.8
2.58,-7.11,-76.9,-2.1,-4.9,77.1,-18.4,4,-14.2
2.59,-6.81,-73.7,-2.4,-4.7,73.9,-17.9,4.9,-12.9
2.6,-6.47,-69.5,-2.9,-3.5,69.7,-17.3,6.3,-11
2.61,-6.16,-66.1,-2.3,-2.6,66.2,-16.9,8.9,-9.3
2.62,-5.91,-63.4,-1.5,-2.5,63.5,-16.3,11.8,-8.5
2.63,-6.07,-62,-2.2,-3.2,62.1,-15.7,13.9,-7.8
2.64,-6.15,-62.4,-3.3,-3.8,62.6,-15,14.5,-6.2
2.65,-6.39,-64.3,-3.4,-4,64.5,-14.6,14.1,-4.2
2.66,-6.6,-66.2,-2.7,-3.9,66.4,-14.3,13.5,-2.4
2.67,-6.77,-68.6,-2.5,-3.9,68.7,-14,12.6,-1.1
2.68,-6.82,-70.3,-2.9,-3.7,70.5,-13.7,11.4,0.2
2.69,-6.78,-70.8,-3.2,-2.9,71,-13.3,10.7,1.9
2.7,-6.7,-70.5,-3.2,-2.1,70.6,-13.1,11,3.9
2.71,-6.76,-70.5,-3.1,-2,70.6,-13.3,11.7,6.1
2.72,-6.73,-71.2,-2.7,-2.5,71.3,-13.7,11.8,8.2
2.73,-6.63,-71.8,-2,-2.9,71.8,-14.2,10.9,9.9
2.74,-6.43,-71.3,-1.1,-2.9,71.4,-14.8,9.5,10.9
2.75,-6.21,-69.9,-0.5,-2.9,70,-15.2,7.9,11.2
2.76,-5.96,-67.7,-0.3,-2.9,67.8,-15.4,6,10.9
2.77,-5.72,-65.1,-0.6,-2.7,65.2,-15.6,4.1,10.7
2.78,-5.59,-62.5,-1.3,-2.5,62.6,-15.6,2.2,10.9
2.79,-5.51,-60.7,-1.8,-2.5,60.8,-15.6,0.4,11.6
2.8,-5.51,-59.9,-2,-2.5,60,-15.4,-1.6,12.5
2.81,-5.33,-59.6,-1.7,-2.7,59.7,-15.1,-3.6,13.3
2.82,-3.09,-54.4,-1.1,-2.7,54.5,-14.6,-5.6,13.5
2.83,-5.08,-48.3,0.4,-2.4,48.4,-13.9,-7,12.7
2.84,-6.21,-49.4,2.5,-3.2,49.6,-13.5,-7.1,10.5
2.85,-6.57,-61.3,1.9,-4.1,61.5,-13.7,-7.3,7.8
2.86,-6.97,-69.5,-0.4,-5.2,69.7,-13.9,-8.6,6.7
2.87,-7.01,-72.3,-1.3,-5.1,72.5,-14,-9.4,7.5
2.88,-6.82,-73.6,1,-5.4,73.8,-13.7,-10.1,6.7
2.89,-6.72,-74,1.8,-6.6,74.3,-13.3,-11.8,4.9
2.9,-6.61,-72.8,0.4,-7.4,73.1,-12.9,-14.7,3.5
2.91,-6.26,-69.7,-0.1,-6.1,70,-12.6,-16.5,3.5
2.92,-6.12,-66.7,1.4,-4.3,66.9,-12.4,-15.6,2.8
2.93,-5.95,-64.3,2.7,-3.8,64.4,-12.2,-13.5,1
2.94,-5.51,-62.3,2.4,-4.5,62.5,-11.9,-12.4,-1.1
2.95,-5.21,-58.9,1.8,-4.5,59.1,-11.6,-12.2,-2.3
2.96,-5.28,-55.6,2.4,-3.9,55.8,-11.6,-11.7,-3.4
2.97,-5.57,-55.1,3.5,-3.9,55.3,-11.9,-10.6,-5.1
2.98,-5.74,-57.4,4.2,-5,57.8,-12.4,-10.6,-7.5
2.99,-5.87,-60,4.1,-6,60.4,-12.9,-12,-9.8
3,-6.02,-60.7,3.6,-5.2,61,-13.5,-12.7,-11.6
3.01,-6.13,-60.8,2.9,-3.7,61,-14.2,-10.9,-12.7
3.02,-6.09,-61.4,2.4,-3.2,61.5,-14.9,-7.7,-13.5
3.03,-6.03,-61.9,1.4,-3.8,62.1,-15.5,-5.1,-14
3.04,-5.98,-61.5,0.3,-4,61.6,-16,-3.6,-13.8
3.05,-5.8,-60.3,-0.5,-3.5,60.4,-16.4,-1.7,-13
3.06,-5.61,-59.1,-0.2,-3.1,59.1,-16.8,0.5,-12.3
3.07,-5.78,-58.1,0.2,-3.3,58.2,-17,2.5,-12.4
3.08,-6.04,-58.3,-0.3,-3.4,58.4,-17.1,3.7,-12.6
3.09,-6.28,-59.9,-1.2,-2.9,59.9,-17.3,5.4,-12
3.1,-6.42,-62.8,-1.4,-2.4,62.8,-17.4,8.9,-10.9
3.11,-6.55,-65.6,-1.5,-3.4,65.7,-17.1,11.2,-10.4
3.12,-6.51,-67.6,-2.5,-4.5,67.8,-16.5,11.4,-9.7
3.13,-6.29,-67.6,-3.4,-4.4,67.8,-15.7,10.2,-8.1
3.14,-5.99,-65.2,-3.5,-3.3,65.4,-15.1,9.4,-6
3.15,-5.77,-62.2,-3,-2.5,62.3,-14.7,9.8,-4.1
3.16,-5.6,-59.9,-3.1,-2.2,60,-14.5,10.5,-2.3
3.17,-5.42,-58.1,-3.4,-2,58.3,-14.3,11.2,-0.3
3.18,-5.28,-56.6,-3.3,-1.7,56.7,-14.3,11.9,1.9
3.19,-5.22,-55.5,-2.4,-1.7,55.6,-14.3,12.7,3.8
3.2,-5.16,-55.2,-1.5,-2.1,55.3,-14.6,12.9,4.9
3.21,-5.04,-54.9,-1,-2.6,55,-15,12.1,5.6
3.22,-4.98,-54.2,-0.9,-2.8,54.3,-15.3,10.7,6.2
3.23,-5.08,-53.6,-1,-2.7,53.7,-15.5,9.1,6.7
3.24,-5.32,-54.3,-1.4,-2.7,54.3,-15.6,7.3,7.2
3.25,-5.59,-56.2,-2,-2.8,56.3,-15.6,5.4,8.1
3.26,-5.79,-58.8,-2.7,-2.9,59,-15.5,3.3,9.6
3.27,-5.76,-61,-2.8,-2.9,61.1,-15.4,1.4,11.3
3.28,-5.45,-61.6,-2.1,-2.9,61.7,-15.3,-0.4,12.7
3.29,-4.47,-58.9,-1.1,-2.8,59,-15.1,-2,13.3
3.3,-4.65,-53.8,-0.2,-2.6,53.8,-14.8,-3.2,13.2
3.31,-4.84,-50,0.9,-2.7,50.1,-14.7,-4.1,12.1
3.32,-5.23,-51.4,1.1,-3,51.5,-14.8,-5,10.6
3.33,-5.96,-54.5,-0.2,-3.5,54.7,-15.2,-5.9,9.8
3.34,-6.84,-60.7,-1.2,-4,60.9,-15.5,-6.7,10.1
3.35,-7.44,-69.2,-0.8,-5.1,69.4,-15.4,-8,10.4
3.36,-7.55,-76.9,0.1,-6.4,77.2,-14.9,-10.5,9.7
3.37,-7.16,-80,0.7,-6.7,80.3,-14.2,-13.8,8
3.38,-6.48,-75.9,1.6,-5.1,76.1,-13.8,-14.5,6.4
3.39,-5.8,-69,2.7,-3.7,69.2,-13.7,-12.8,4.1
3.4,-5.2,-61.8,2.8,-3.5,62,-13.7,-10.6,1.4
3.41,-4.6,-55.6,1.9,-4.3,55.8,-13.6,-9.9,-0.5
3.42,-4.18,-50.1,1.3,-4.8,50.3,-13.5,-10.5,-1.5
3.43,-3.93,-45.3,1.7,-4.6,45.6,-13.4,-11.5,-2.3
3.44,-4.11,-42.7,2.7,-4.3,43,-13.5,-12.1,-3.5
3.45,-4.46,-42.9,3.8,-4.3,43.3,-13.8,-12.2,-5.5
3.46,-4.94,-46,4.7,-4.6,46.5,-14.3,-12.3,-8.1
3.47,-5.39,-50,5.2,-4.7,50.5,-15,-12.2,-11
3.48,-5.81,-53.5,4.5,-3.8,53.9,-16.1,-10.5,-13.5
3.49,-6.07,-56.6,2.6,-2.9,56.7,-17.2,-6.7,-15
3.5,-6.03,-59.4,0.6,-3.3,59.5,-18.1,-2.4,-15.2
3.51,-5.81,-60.8,-0.5,-4.4,60.9,-18.7,0,-14.5
3.52,-5.67,-60,-0.9,-5,60.2,-19.1,0.6,-13.6
3.53,-5.58,-58.1,-1.1,-4.6,58.3,-19.5,0.8,-12.5
3.54,-5.63,-56.7,-0.8,-3.9,56.8,-20,1.9,-11.6
3.55,-5.86,-56.4,-0.2,-3.2,56.5,-20.5,4.2,-11.3
3.56,-6.2,-58,-0.6,-3,58.1,-20.6,7.3,-11.5
3.57,-6.37,-61.1,-2,-3.3,61.2,-20.4,10.4,-11.1
3.58,-6.33,-64,-3.4,-4,64.2,-19.9,12.6,-9.6
3.59,-6.17,-65.3,-4,-4.6,65.6,-19.2,13.5,-7.5
3.6,-5.92,-64.9,-4.1,-5,65.2,-18.8,13.2,-5.1
3.61,-5.69,-63.1,-3.8,-5.1,63.4,-18.5,11.7,-2.6
3.62,-5.52,-60.6,-3.4,-4.5,60.9,-18.5,9.9,-0.3
3.63,-5.51,-58,-3.2,-3.4,58.2,-18.7,8.9,2.3
3.64,-5.62,-57.4,-3.4,-2.8,57.6,-19.1,9.4,4.5
3.65,-5.73,-58.5,-3.5,-2.9,58.7,-19.6,10.2,7
3.66,-5.84,-60.5,-3.2,-3.5,60.7,-20.3,10.4,9.5
3.67,-5.95,-62.9,-2.3,-4.4,63.1,-21.2,9.4,11.6
3.68,-5.91,-64.6,-1.2,-5.1,64.8,-22.1,7.2,12.9
3.69,-5.71,-64.9,0.1,-5.5,65.1,-22.7,4.2,12.9
3.7,-5.45,-63,1,-5.5,63.3,-23,1.2,11.8
3.71,-5.2,-60.1,1.4,-5.3,60.3,-23,-1.3,10.1
3.72,-4.99,-57,1,-5.2,57.2,-22.9,-3.1,8.4
3.73,-4.82,-54.5,0.6,-5.4,54.7,-22.8,-4.9,7.1
3.74,-4.61,-52.5,0.4,-5.9,52.9,-22.6,-6.9,6.1
3.75,-4.51,-50.7,0.7,-6.1,51.1,-22.4,-9.1,5.1
3.76,-4.46,-48.7,1.9,-5.6,49,-22.3,-10.7,3.7
3.77,-4.56,-47.3,3.5,-4.9,47.7,-22.4,-10.8,1.4
3.78,-4.95,-47.4,4.9,-4.4,47.9,-22.7,-9.8,-2
3.79,-5.48,-49.6,5.4,-4.4,50.1,-23.1,-8.2,-5.8
3.8,-6.08,-54,4.8,-4.8,54.4,-23.6,-6.3,-9.3
3.81,-6.66,-59.9,3.8,-5.8,60.3,-23.9,-5,-12.1
3.82,-7.02,-65.8,3,-6.7,66.2,-23.9,-4.5,-14.2
3.83,-7.01,-70,2.4,-7,70.4,-23.8,-4.3,-16
3.84,-6.64,-71,1.4,-6.9,71.3,-23.5,-4,-17.1
3.85,-6.06,-68.2,-0.1,-6.1,68.5,-23.2,-3.2,-17.3
3.86,-5.34,-62.3,-2,-4.6,62.5,-22.9,-1.2,-16.2
3.87,-4.82,-55.3,-3.8,-3.2,55.5,-22.6,2.2,-13.8
3.88,-4.47,-49.5,-4.7,-2.7,49.8,-22.1,5.8,-10.4
3.89,-4.17,-45.8,-4.4,-2.7,46.1,-21.4,8.7,-7.1
3.9,-4.08,-42.9,-3.5,-2.8,43.1,-20.5,11,-3.9
3.91,-4.26,-42.3,-3.1,-2.9,42.5,-19.8,12.2,-1.9
3.92,-4.75,-44.2,-2.8,-3.1,44.5,-19.2,13,-0.1
3.93,-5.25,-48.5,-2.5,-3.5,48.7,-18.9,13.5,1.5
3.94,-5.61,-53.6,-2,-3.8,53.8,-18.8,13.9,2.6
3.95,-5.82,-58.1,-2,-4.4,58.3,-18.8,13.8,3.6
3.96,-5.81,-61.1,-2.9,-5.2,61.4,-18.8,12.6,5.1
3.97,-5.75,-62.3,-3.6,-5.5,62.7,-18.8,9.8,7.4
3.98,-5.61,-61.9,-3.2,-4.9,62.2,-19,6.9,9.8
3.99,-5.49,-61,-2.1,-4.5,61.2,-19.3,4.5,11.6
4,-5.44,-60.2,-1.5,-4.6,60.4,-19.5,2,12.6
4.01,-5.46,-59.5,-1.6,-4.4,59.7,-19.3,-0.7,13.2
4.02,-5.51,-59,-1.7,-3.5,59.1,-18.7,-2.5,13.7
4.03,-5.6,-59,-1.4,-2.8,59.1,-18,-2.9,14.1
4.04,-5.69,-60,-0.7,-2.9,60,-17.4,-2.9,14.1
4.05,-5.7,-61.2,0.2,-3.8,61.3,-16.7,-3.8,13.2
4.06,-5.63,-61.7,0.6,-4.5,61.8,-15.9,-5.7,11.7
4.07,-5.52,-61,0.8,-4.6,61.2,-15.1,-7.9,10
4.08,-5.53,-59.8,1.2,-4.3,59.9,-14.3,-9.6,8.1
4.09,-5.67,-59.1,1.7,-4.1,59.2,-13.5,-10.5,6
4.1,-5.89,-59.7,1.5,-4,59.8,-12.8,-11.2,3.8
4.11,-6.07,-61.2,0.6,-4.1,61.3,-12.2,-11.8,2.3
4.12,-6.18,-62.9,-0.3,-4.2,63.1,-11.5,-12.3,1.9
4.13,-6.26,-64.3,-0.6,-4,64.4,-10.9,-12.6,2
4.14,-6.28,-65.3,-0.3,-3.9,65.4,-10.4,-12.7,2.1
4.15,-6.2,-65.7,0.1,-3.9,65.8,-9.9,-12.7,1.9
4.16,-6.03,-65.2,0.9,-3.8,65.3,-9.5,-12.7,1.3
4.17,-5.82,-63.2,2.2,-3.3,63.3,-9.3,-12.2,-0.4
4.18,-5.62,-61,2.9,-2.9,61.1,-9.4,-11.3,-2.3
4.19,-5.43,-58.8,2.8,-2.9,59,-9.6,-10.4,-4.3
4.2,-5.22,-56.7,2.4,-3,56.9,-9.8,-9.8,-5.8
4.21,-5.02,-54.5,2.2,-2.9,54.6,-10.1,-9.3,-7
4.22,-4.84,-52.3,2,-2.8,52.4,-10.6,-8.7,-8
4.23,-4.71,-50.5,2,-2.8,50.6,-11.1,-8.1,-8.8
4.24,-4.67,-49.2,2.1,-3,49.4,-11.6,-7.7,-9.7
4.25,-4.84,-48.7,2.3,-3,48.9,-12.2,-7.3,-10.7
4.26,-5.18,-49.7,2.5,-2.9,49.8,-12.7,-6.7,-11.8
4.27,-5.58,-52.4,2.4,-2.9,52.5,-13.2,-5.7,-13.1
4.28,-5.97,-56.1,2,-3.1,56.3,-13.6,-4.6,-14.2
4.29,-6.36,-60.1,1.3,-3.3,60.2,-13.7,-3.5,-15.1
4.3,-6.63,-63.7,0.4,-3.3,63.8,-13.7,-2.2,-15.5
4.31,-6.68,-66.7,-0.6,-3.3,66.7,-13.4,-0.8,-15.3
4.32,-6.5,-67.8,-1.3,-3.3,67.9,-12.9,0.4,-14.5
4.33,-6.2,-66.9,-1.8,-3.1,67,-12.4,1.3,-13.4
4.34,-5.83,-64.3,-1.7,-2.8,64.4,-11.8,2.4,-12.1
4.35,-5.42,-60.8,-1.2,-2.3,60.8,-11.3,3.7,-11.2
4.36,-4.99,-56.8,-0.6,-1.9,56.8,-10.5,5.2,-10.8
4.37,-4.52,-52.6,-0.4,-1.5,52.6,-9.6,6.8,-10.9
4.38,-4.2,-48.3,-0.6,-1.4,48.3,-8.6,8.4,-11
4.39,-4.21,-45,-1,-1.5,45,-7.5,9.7,-10.8
4.4,-4.47,-44.1,-1.1,-1.7,44.2,-6.5,10.4,-10.4
4.41,-4.7,-45.7,-0.9,-2,45.8,-5.5,10.6,-10
4.42,-4.83,-48.2,-0.7,-2.2,48.3,-4.7,10.5,-9.8
4.43,-4.93,-50.4,-1.3,-2.4,50.5,-3.9,10,-9.2
4.44,-4.75,-50.9,-1.8,-2.2,50.9,-3.3,9.5,-8.1
4.45,-4.5,-49.7,-1.3,-1.7,49.7,-2.9,9.3,-7
4.46,-4.39,-47.6,-0.6,-1.3,47.7,-2.8,9.8,-6.4
4.47,-4.51,-46.4,-0.4,-1.2,46.4,-2.8,10.7,-6
4.48,-4.87,-47.2,-0.6,-1.4,47.2,-2.9,11.4,-5.6
4.49,-5.38,-50.3,-0.4,-1.6,50.3,-3.1,12,-5.1
4.5,-5.95,-55.4,0.5,-1.9,55.4,-3.1,12.6,-5.2
4.51,-6.36,-61.2,1.2,-2.5,61.3,-2.8,12.7,-6.4
4.52,-6.48,-66,0.9,-3.1,66.1,-2.4,12,-7.8
4.53,-6.23,-67.9,0.1,-3.5,68,-2.1,10.6,-8.6
4.54,-5.73,-66.2,-0.5,-3.2,66.3,-2,8.9,-8.7
4.55,-5.2,-61.5,-0.8,-2.3,61.5,-2.1,7.9,-8.3
4.56,-4.7,-55.6,-1,-1.3,55.6,-2.2,7.9,-7.6
4.57,-4.41,-50.3,-0.9,-0.6,50.4,-2.3,8.9,-6.8
4.58,-4.42,-47,-0.6,-0.5,47,-2.3,10.2,-6.1
4.59,-4.73,-46.4,-0.2,-0.7,46.4,-2.3,11.4,-5.9
4.6,-5.21,-48.7,0.2,-1.1,48.8,-2.3,12.4,-6
4.61,-5.66,-53.1,0.5,-1.7,53.2,-2.3,12.8,-6.6
4.62,-5.98,-58.2,0.6,-2.5,58.2,-2.2,12.5,-7.4
4.63,-6.18,-62.4,0.5,-3.1,62.5,-2.1,11.1,-8.3
4.64,-6.18,-64.8,0.1,-3.3,64.8,-2.1,9.1,-8.9
4.65,-5.95,-64.9,-0.7,-2.8,65,-2.2,7.3,-8.8
4.66,-5.6,-62.7,-1.3,-1.9,62.8,-2.4,6.5,-8
4.67,-5.2,-59.2,-1.4,-1.1,59.2,-2.7,7.1,-6.8
4.68,-4.83,-55.1,-1.3,-0.7,55.1,-2.9,8.3,-5.6
4.69,-4.54,-51.4,-1,-0.6,51.4,-3.2,9.7,-4.6
4.7,-4.34,-47.8,-0.5,-0.9,47.8,-3.7,10.9,-3.6
4.71,-4.26,-45.9,-0.4,-1.2,45.9,-4.1,11.2,-3
4.72,-4.38,-44.9,-0.4,-1.3,45,-4.6,11.2,-2.4
4.73,-4.68,-45.5,-0.1,-1.1,45.5,-5.3,11.8,-1.9
4.74,-5.15,-48,0.6,-1,48.1,-6.2,13.2,-1.9
4.75,-5.76,-52.7,1.5,-1.5,52.8,-7.1,15.2,-2.7
4.76,-6.31,-58.9,1.8,-2.6,59,-7.8,16.8,-4.3
4.77,-6.69,-65.2,1.2,-3.9,65.3,-8.3,17.2,-6
4.78,-6.72,-69.6,-0.1,-4.9,69.7,-8.5,16.3,-7
4.79,-6.38,-70.6,-1.9,-5.3,70.8,-8.8,14.4,-6.6
4.8,-5.92,-68.2,-3.2,-5,68.4,-9.3,12,-4.9
4.81,-5.47,-63.4,-3.7,-4.2,63.7,-10.1,9.8,-2.2
4.82,-5.14,-58.2,-3.5,-3,58.4,-11.2,8.8,0.9
4.83,-4.99,-54.2,-2.9,-2,54.3,-12.4,9.4,3.7
4.84,-4.93,-52.1,-2,-1.7,52.1,-13.7,11.2,6
4.85,-4.85,-51.7,-1.2,-2.2,51.7,-15.2,13.1,7.7
4.86,-4.86,-52,-0.5,-3.2,52.1,-16.7,14.1,8.7
4.87,-4.95,-52.8,-0.2,-4.3,53,-18.2,13.8,9.4
4.88,-4.98,-53.9,-0.1,-5.2,54.1,-19.7,12,9.7
4.89,-4.89,-54.6,0,-5.9,54.9,-21,9.1,9.7
4.9,-4.79,-54.4,0,-6.3,54.8,-22.1,5.3,9.5
4.91,-4.69,-53.6,-0.1,-6.7,54,-22.9,1.2,9.3
4.92,-4.56,-52.4,-0.3,-6.8,52.9,-23.5,-2.9,9.2
4.93,-4.46,-51.1,-0.5,-6.8,51.6,-23.9,-6.6,9.3
4.94,-4.47,-50,-0.6,-6.8,50.5,-24,-9.6,9.4
4.95,-4.47,-49.5,-0.3,-6.7,49.9,-24.1,-12.1,9.4
4.96,-4.68,-49.8,0.3,-6.5,50.2,-24.1,-13.9,8.9
4.97,-4.9,-50.6,1.9,-5.7,51,-24.1,-14.6,7.2
4.98,-5.12,-51.6,3.5,-4.8,51.9,-24.3,-13.4,4.8
4.99,-5.28,-52.5,4.8,-4.1,52.9,-25,-10.8,1.6
5,-5.43,-53.4,5.4,-3.8,53.8,-25.9,-7.4,-2.1
5.01,-5.42,-54.1,5.2,-4.3,54.6,-26.8,-3.7,-5.8
5.02,-5.32,-54.5,4.8,-5.3,55,-27.5,-1,-9.5
5.03,-5.2,-54,4.2,-6.3,54.5,-27.9,0.6,-12.9
5.04,-5.16,-52.8,3.3,-6.7,53.3,-28.1,1.5,-16
5.05,-5.23,-51.9,1.8,-6.6,52.3,-28.2,2.5,-18.3
5.06,-5.37,-51.9,-0.3,-6.3,52.3,-28.1,4,-19.3
5.07,-5.53,-52.8,-3,-6,53.2,-27.9,5.8,-18.4
5.08,-5.63,-54.4,-5.8,-5.9,55,-27.5,7.4,-15.5
5.09,-5.71,-56.3,-7.8,-6.2,57.2,-27.1,7.9,-10.6
5.1,-5.82,-58.3,-8.4,-6.5,59.3,-27,6.9,-4.6
5.11,-5.91,-60.2,-7.6,-6.3,61,-27.1,4.9,1.3
5.12,-5.93,-61.6,-6.1,-5.4,62.1,-27.5,3.3,6.2
5.13,-5.8,-62.1,-4.7,-4.3,62.4,-28,3.1,9.8
5.14,-5.51,-61.6,-3.5,-3.7,61.8,-28.6,4.3,12.3
5.15,-5.18,-60.2,-2.4,-4,60.4,-29.3,5.7,14.1
5.16,-4.93,-58.5,-1.4,-5.1,58.8,-30.2,5.8,15.3
5.17,-4.73,-57.1,-0.1,-6.7,57.5,-31.1,3.8,15.5
5.18,-4.57,-55.5,1.9,-8.1,56.1,-31.5,-0.1,14.1
5.19,-4.41,-53.1,4.4,-8.6,54,-31.7,-4.5,10.7
5.2,-4.42,-49.9,6.4,-8.5,51,-31.7,-7.7,5.4
5.21,-4.69,-47.4,7.2,-8.1,48.7,-31.8,-9,-0.7
5.22,-5.31,-47.7,6.4,-8,48.8,-32,-8.8,-6.2
5.23,-6.15,-53.2,4.9,-8.8,54.1,-32.4,-7.8,-11.1
5.24,-7.02,-61.1,4.2,-10,62.1,-32.5,-7.8,-13.8
5.25,-7.48,-69.1,4.1,-10.6,70,-32.6,-8.2,-16.1
5.26,-7.5,-73.5,3.3,-10,74.3,-32.7,-7.6,-18.1
5.27,-7.03,-73.1,0.6,-8.5,73.6,-32.8,-4.5,-19
5.28,-6.33,-68.8,-3.5,-7.1,69.2,-32.6,0.4,-17.6
5.29,-5.5,-62.6,-6.8,-6.4,63.3,-32,5.5,-13.7
5.3,-4.79,-56.3,-7.7,-6.5,57.2,-31.1,8.8,-8.5
5.31,-4.35,-50.6,-6.5,-6.5,51.5,-30.3,10.2,-3.8
5.32,-4.2,-46.6,-5,-6.3,47.3,-29.6,10.2,-0.3
5.33,-4.28,-44.8,-4.2,-6,45.4,-29.2,9.7,2.4
5.34,-4.54,-45.4,-4.1,-6,46,-28.8,8.9,4.9
5.35,-4.92,-48.2,-4.3,-6.1,48.8,-28.6,7.8,7.5
5.36,-5.23,-52.4,-4.3,-6.5,53,-28.5,5.9,10.3
5.37,-5.35,-56.6,-4.1,-7.1,57.2,-28.4,3,13.1
5.38,-5.31,-59.6,-3.4,-7.4,60.2,-27.9,-1,15.3
5.39,-5.23,-60.3,-1.7,-7.2,60.8,-27,-5.3,16.3
5.4,-5.09,-59.1,0.3,-6.3,59.5,-25.6,-8.7,15.4
5.41,-5.13,-57,2,-5.2,57.3,-23.9,-10.3,12.8
5.42,-5.16,-55.5,2.9,-4.6,55.8,-22.5,-10.4,9.3
5.43,-5.22,-54.9,2.8,-4.3,55.1,-21.5,-9.9,5.9
5.44,-5.39,-55,2.4,-4.3,55.2,-20.7,-9.3,3.2
5.45,-5.55,-56,2.5,-4.5,56.3,-20,-9.1,0.8
5.46,-5.65,-57.8,3.4,-4.9,58.1,-19.3,-9.5,-1.8
5.47,-5.67,-59.2,4.2,-5.5,59.6,-18.5,-10.7,-4.9
5.48,-5.62,-59.6,4.2,-5.6,60.1,-17.9,-12.2,-8
5.49,-5.53,-58.8,3.6,-5.1,59.2,-17.6,-13,-10.4
5.5,-5.39,-56.7,2.6,-3.8,56.9,-17.6,-11.9,-12.1
5.51,-5.2,-54.7,1.7,-3.1,54.8,-17.6,-9.6,-12.8
5.52,-5.07,-52.8,0.7,-2.7,52.8,-17.4,-7,-13
5.53,-5.13,-51.5,-0.2,-2.5,51.5,-17.1,-4.6,-12.6
5.54,-5.41,-51.8,-0.5,-2.4,51.9,-16.7,-2.5,-12
5.55,-5.63,-53.9,-0.2,-2.3,53.9,-16.3,-0.5,-11.6
5.56,-5.89,-56.7,0.2,-2.4,56.7,-15.8,1.4,-11.9
5.57,-6.07,-59.3,0.2,-2.5,59.3,-15.2,3,-12.6
5.58,-6.11,-61.3,-0.2,-2.5,61.4,-14.4,4.5,-13.2
5.59,-6,-62.3,-0.6,-2.3,62.3,-13.5,6.1,-13.5
5.6,-5.77,-61.9,-1.5,-2.4,62,-12.4,7.4,-13.4
5.61,-5.4,-60.1,-2.5,-2.5,60.2,-11.2,7.9,-12.5
5.62,-5.05,-57.1,-3,-2.5,57.2,-10,7.7,-10.8
5.63,-4.75,-53.4,-3,-1.9,53.5,-9.1,7.4,-8.8
5.64,-4.6,-50,-2.6,-1.3,50.1,-8.4,7.6,-6.9
5.65,-4.72,-48.1,-2.3,-0.9,48.2,-7.8,8.2,-5.1
5.66,-5.06,-48.3,-1.9,-0.7,48.4,-7.4,9.3,-3.6
5.67,-5.49,-50.8,-1.4,-0.5,50.9,-7,11,-2.5
5.68,-5.93,-54.9,-0.6,-0.7,55,-6.8,13.2,-1.9
5.69,-6.28,-59.9,0.2,-1.4,59.9,-6.5,15.5,-2.1
5.7,-6.42,-64.6,1,-2.7,64.7,-5.9,16.7,-3.3
5.71,-6.49,-68,1.1,-3.8,68.1,-5,16.3,-4.9
5.72,-6.41,-69.3,0.5,-4.3,69.4,-3.7,14.4,-6.5
5.73,-6.16,-68.5,-0.7,-3.9,68.6,-2.3,12.1,-7.3
5.74,-5.83,-65.9,-1.9,-3.1,66,-1,10.4,-7
5.75,-5.5,-62.1,-2.6,-2.1,62.2,0.1,9.9,-5.6
5.76,-5.22,-58.3,-2.5,-1.4,58.4,0.9,10.4,-3.8
5.77,-5.04,-54.5,-1.2,-1,54.5,1.8,12.3,-2.2
5.78,-4.99,-53,0,-1.4,53,2.4,13.9,-2
5.79,-4.88,-52.7,1.2,-2.1,52.7,3.2,14.6,-2.9
5.8,-4.72,-52.5,2.1,-2.8,52.6,4.3,14,-4.8
5.81,-4.62,-51.9,2.3,-3.2,52,5.5,12.3,-7.2
5.82,-4.5,-50.8,1.8,-3.3,51,6.8,9.8,-9.5
5.83,-4.47,-49.6,1,-3.1,49.7,8,7.2,-11.1
5.84,-4.61,-48.9,0.3,-2.6,49,8.9,5,-11.8
5.85,-4.67,-48.9,-0.1,-2.1,49,9.5,3.9,-11.8
5.86,-4.6,-49.1,-0.3,-1.6,49.1,9.7,3.9,-11.4
5.87,-4.54,-48.6,-0.2,-1.3,48.7,9.8,4.8,-11.1
5.88,-4.41,-48.1,0.1,-1.6,48.1,10,5.9,-11.1
5.89,-4.31,-47.9,0.5,-2.4,47.9,10.2,6,-11.5
5.9,-4.24,-47.5,0.8,-3.3,47.7,10.3,4.4,-12.3
5.91,-4.35,-47.5,0.8,-3.9,47.7,10.2,1.4,-13
5.92,-4.63,-48.1,0.6,-4,48.2,9.6,-2.3,-13.3
5.93,-5.07,-49.9,0.5,-3.8,50.1,8.6,-5.6,-13.1
5.94,-5.61,-53.3,0.4,-3.5,53.4,7.3,-7.9,-12.6
5.95,-5.98,-57.5,0.3,-3,57.6,6,-9.1,-11.9
5.96,-6.08,-60.8,0,-2.1,60.9,4.6,-8.8,-11
5.97,-5.91,-62,-0.2,-1.4,62,3.3,-7,-10
5.98,-5.53,-61.3,-0.2,-1.5,61.3,2.1,-4.8,-9.1
5.99,-5.05,-59,0,-2.4,59,1.1,-4.1,-8.3
6,-4.64,-55.5,0.4,-3.4,55.6,0.2,-5.4,-7.9
6.01,-4.43,-51.8,1,-3.8,51.9,-0.6,-8,-7.9
6.02,-4.45,-49,1.6,-3.8,49.2,-1.5,-10.7,-8.2
6.03,-4.74,-48.2,2.5,-3.4,48.4,-2.8,-13,-9
6.04,-5.23,-49.8,3,-2.7,50,-4.1,-13.4,-10
6.05,-5.73,-53,2.8,-1.7,53.1,-5.6,-11.9,-11
6.06,-6.17,-57.1,1.7,-1,57.1,-7,-8.7,-11.5
6.07,-6.46,-61.6,0.5,-1.2,61.6,-8.2,-5.2,-11.3
6.08,-6.56,-65.5,-0.1,-2.4,65.5,-9,-3.1,-10.6
6.09,-6.4,-67.7,0.1,-3.7,67.8,-9.5,-3.1,-10.1
6.1,-5.98,-67.2,1.1,-4.6,67.4,-10.2,-4.7,-10
6.11,-5.45,-63.7,2.4,-4.4,63.9,-11,-6.6,-10.9
6.12,-5.02,-57.8,3,-3.1,58,-12.2,-7,-12.3
6.13,-4.92,-52.2,2.3,-1.4,52.3,-13.4,-4.8,-13.5
6.14,-5.08,-49.2,1.1,-0.4,49.3,-14.4,-0.5,-14.2
6.15,-5.54,-50,-0.3,-0.5,50,-15.1,4.6,-14.2
6.16,-6.16,-54.3,-1.4,-1.5,54.3,-15.4,9.2,-13.7
6.17,-6.76,-61.1,-2.3,-3.4,61.3,-15.5,12.1,-12.7
6.18,-7.06,-68.3,-1.9,-5.4,68.5,-15.6,12.5,-11.5
6.19,-7.09,-73.2,-0.6,-6.5,73.5,-15.9,10.5,-11.1
6.2,-6.94,-74.2,0,-6.1,74.5,-16.3,7.9,-11.4
6.21,-6.72,-72.2,-0.9,-4.8,72.4,-16.8,6.9,-11.4
6.22,-6.39,-68.8,-2.8,-3.4,69,-17.4,8.3,-10.1
6.23,-6.04,-65.6,-4.7,-2.9,65.8,-18.1,11.5,-7.2
6.24,-5.67,-62.8,-5.7,-3.6,63.2,-18.8,14.4,-3.3
6.25,-5.31,-60.7,-5.6,-4.9,61.1,-19.9,15.6,1.2
6.26,-4.97,-58.4,-4.3,-5.9,58.8,-21.2,14.5,5.1
6.27,-4.77,-55.8,-2.4,-6,56.2,-22.6,12,7.6
6.28,-4.73,-53.4,-1,-5.8,53.8,-23.9,9.4,8.8
6.29,-4.84,-52.2,-0.4,-5.6,52.5,-25,7.4,9
6.3,-5.08,-52.8,-0.9,-5.8,53.1,-26.4,5.3,9.3
6.31,-5.33,-55.1,-1.9,-6.6,55.5,-27.4,3.2,10.3
6.32,-5.51,-58.4,-2.6,-7.8,59,-28.2,-0.1,12
6.33,-5.58,-61.6,-2.1,-8.9,62.3,-28.6,-4.7,13.5
6.34,-5.55,-63.2,-0.1,-9.5,63.9,-28.6,-10,13.6
6.35,-5.44,-62.6,2.5,-9.1,63.3,-28.3,-14.1,11.5
6.36,-5.2,-59.7,4.5,-7.8,60.3,-28.1,-15.7,7.8
6.37,-4.98,-55.6,5.3,-6.2,56.2,-28.3,-14.4,3.6
6.38,-4.99,-51.9,5.3,-5.1,52.4,-29,-11,-0.4
6.39,-5.18,-50.4,4.9,-4.9,50.9,-29.9,-6.9,-3.9
6.4,-5.49,-51.7,4.6,-5.9,52.2,-30.7,-3.6,-7.1
6.41,-5.74,-54.4,4.4,-7.1,55.1,-31.4,-1.5,-10.3
6.42,-5.9,-56.9,4.1,-7.7,57.5,-31.9,-0.1,-13.6
6.43,-5.97,-58,3.1,-7.6,58.6,-32.1,1.9,-16.7
6.44,-5.98,-58.4,0.8,-7.3,58.9,-32.1,5.1,-18.9
6.45,-5.89,-58.7,-2.4,-7.5,59.2,-31.7,8.5,-19.2
6.46,-5.7,-58.9,-5.7,-8.1,59.7,-31,10.5,-17.2
6.47,-5.45,-58.3,-7.9,-8.5,59.5,-30.2,10.2,-12.9
6.48,-5.28,-57,-8.4,-8.3,58.2,-29.6,8.1,-7.2
6.49,-5.37,-56,-7.8,-7.7,57,-29.5,5.1,-1.5
6.5,-5.72,-56.6,-7.1,-6.9,57.5,-29.7,2.3,3.7
6.51,-6.12,-59.5,-6.9,-6,60.2,-30,0.4,8.6
6.52,-6.47,-64,-7,-5.2,64.6,-30.3,-0.3,13.4
6.53,-6.7,-69.2,-6.3,-5,69.7,-30.6,-0.4,17.9
6.54,-6.75,-73.7,-3.9,-5.5,74,-30.8,-0.8,21.1
6.55,-6.51,-76,-0.2,-6.3,76.2,-30.9,-2.2,21.7
6.56,-6.03,-73.3,4.8,-6.8,73.8,-30.7,-4.2,17.6
6.57,-5.55,-67.3,7.6,-6.8,68.1,-30.6,-5,11.3
6.58,-5.2,-60.4,8.5,-6.7,61.4,-30.5,-4.6,3.9
6.59,-5.16,-55.3,8,-7,56.3,-30.5,-3.7,-3.2
6.6,-5.39,-53.3,7.2,-7.7,54.3,-30.5,-2.8,-9.2
6.61,-5.85,-54.9,6.4,-8.8,55.9,-30.6,-2.6,-14.4
6.62,-6.52,-59.5,6,-10.2,60.6,-30.5,-3.5,-18.9
6.63,-7.19,-65.4,5.2,-10.7,66.5,-30.5,-4.9,-22.6
6.64,-7.65,-70.9,3.1,-10.1,71.7,-30.5,-5.1,-25.1
6.65,-7.79,-74.6,-1.5,-8.9,75.2,-30.4,-3.1,-25.1
6.66,-7.53,-75.9,-7.1,-7.9,76.7,-30.1,0.2,-21.4
6.67,-7.01,-74.9,-11,-7.5,76.1,-29.5,3.1,-14.3
6.68,-6.36,-71.7,-11.1,-6.9,72.9,-28.8,4.4,-6
6.69,-5.71,-66.9,-8.4,-5.8,67.6,-28.3,4.9,1
6.7,-5.19,-61.2,-5.3,-4.5,61.6,-28,5.9,5.6
6.71,-4.79,-55.9,-3.3,-3.7,56.1,-28,8,8.1
6.72,-4.52,-51.9,-2.8,-3.7,52.1,-28.2,10.4,9.8
6.73,-4.64,-50.3,-2.8,-4.5,50.6,-28.7,12.2,11.6
6.74,-4.91,-51.6,-2.6,-6.1,52.1,-29.4,12.1,13.6
6.75,-5.13,-55.3,-1.8,-7.8,55.8,-30,9.2,15.1
6.76,-5.37,-59,-0.3,-9.2,59.7,-30.1,3.7,15.5
6.77,-5.52,-61.3,2,-9.8,62.1,-29.4,-3.2,13.7
6.78,-5.64,-62,3.7,-9.3,62.8,-28,-9.2,9.9
6.79,-5.58,-60.8,4,-7.7,61.5,-26.7,-12.3,5.5
6.8,-5.53,-59.1,2.9,-6.4,59.5,-25.7,-12.5,2
6.81,-5.48,-57.8,1.4,-5.9,58.1,-25.2,-11.4,0
6.82,-5.57,-57.5,0.6,-6.2,57.9,-24.6,-10.9,-0.8
6.83,-5.74,-58.7,1.4,-6.5,59,-23.6,-11.7,-1.7
6.84,-5.86,-60,3.4,-6.3,60.5,-22.7,-12.7,-3.7
6.85,-5.97,-60.7,5.3,-5.4,61.2,-21.9,-12.6,-6.9
6.86,-5.99,-60.3,5.7,-4.1,60.7,-21.6,-10.5,-10.9
6.87,-5.94,-59.5,4,-3,59.7,-21.5,-6.3,-14.2
6.88,-5.81,-58.8,1.3,-2.9,58.9,-21.2,-1.4,-15.9
6.89,-5.71,-58.4,-1.1,-3.5,58.6,-20.4,2.3,-15.9
6.9,-5.67,-58.4,-1.9,-4.3,58.6,-19.3,3.9,-15.1
6.91,-5.75,-58.6,-1.7,-4.7,58.9,-18.1,3.6,-14.3
6.92,-6,-59.3,-1.2,-4.2,59.5,-17.1,2.7,-13.8
6.93,-6.25,-60.7,-0.9,-3.1,60.8,-16.2,2.6,-13.4
6.94,-6.43,-62.3,-1.6,-1.8,62.4,-15.4,4.5,-12.8
6.95,-6.54,-63.9,-3,-1.1,64,-14.6,8,-11.5
6.96,-6.65,-65.7,-4.5,-1.4,65.9,-13.6,11.8,-9.2
6.97,-6.76,-68,-4.7,-2.5,68.3,-12.5,14.4,-6.2
6.98,-6.74,-70.2,-3.5,-3.6,70.4,-11.5,14.9,-3.7
6.99,-6.59,-71.3,-1.8,-4.2,71.4,-10.5,13.5,-2.4
7,-6.32,-70.2,-0.5,-3.9,70.4,-9.5,11.3,-2.4
7.01,-6.1,-67.5,-0.1,-3,67.5,-8.6,9.8,-3
7.02,-5.99,-64.3,-0.7,-1.9,64.3,-7.9,9.7,-3.4
7.03,-5.9,-62.1,-2,-1.2,62.2,-7.3,11,-3
7.04,-5.81,-60.9,-3.4,-1.2,61,-6.8,12.9,-1.2
7.05,-5.86,-60.4,-4.1,-1.5,60.6,-6.5,14.5,1.6
7.06,-6.02,-61,-3.5,-1.9,61.2,-6.4,15.6,4.7
7.07,-6.26,-63.1,-1.8,-2.5,63.1,-6.5,16,6.8
7.08,-6.49,-65.9,0.3,-3.1,65.9,-6.5,15.6,7.4
7.09,-6.61,-68.4,1.9,-3.3,68.5,-6.4,14.5,6.3
7.1,-6.59,-69.8,2.5,-3.1,69.9,-5.8,13.4,3.5
7.11,-6.5,-69.5,1.7,-2.9,69.6,-5.2,13,1.3
7.12,-6.4,-68.5,0,-2.8,68.6,-4.4,13,0.1
7.13,-6.19,-67.1,-1.8,-2.7,67.2,-3.6,13,0.6
7.14,-5.86,-64.9,-3.1,-2.5,65,-3,13.1,2.5
7.15,-5.54,-62,-3,-2.4,62.1,-2.6,13.2,5.1
7.16,-5.32,-59.2,-1.9,-2.4,59.2,-2.5,13.2,7.4
7.17,-5.32,-57.2,-0.3,-2.3,57.3,-2.5,13,8.5
7.18,-5.39,-56.5,1.3,-2.1,56.6,-2.6,13,8.4
7.19,-5.44,-56.8,2.6,-2,56.9,-2.8,13.4,7
7.2,-5.43,-57.4,2.9,-2.1,57.5,-2.9,14,4.8
7.21,-5.22,-57.2,2.2,-2.4,57.3,-2.7,14.1,2.7
7.22,-5.05,-55.9,1,-2.5,56,-2.3,13.9,1.3
7.23,-4.91,-53.9,-0.3,-2.6,54,-1.8,13.3,0.8
7.24,-4.79,-52.2,-1.6,-2.6,52.3,-1.4,12.4,1.6
7.25,-4.7,-50.7,-2.5,-2.3,50.8,-1.3,11.4,3.6
7.26,-4.6,-49.5,-2.4,-1.8,49.6,-1.6,11,6.1
7.27,-4.58,-48.6,-1.2,-1.2,48.6,-2.1,11.4,8.1
7.28,-4.58,-48.3,0.4,-1.1,48.3,-2.8,12.2,8.8
7.29,-4.72,-48.9,1.7,-1.3,48.9,-3.3,12.6,8.2
7.3,-4.96,-49.9,2.3,-1.4,50,-3.6,12.7,6.8
7.31,-5.21,-51.5,2.4,-1.4,51.6,-3.8,13,4.9
7.32,-5.48,-53.9,2.1,-1.6,54,-4.1,13.5,3
7.33,-5.66,-56.7,1,-2.2,56.7,-4.3,13.5,1.6
7.34,-5.66,-58.8,-0.7,-2.7,58.8,-4.3,12.6,1.5
7.35,-5.56,-59.3,-2.2,-2.6,59.4,-4.4,11.2,2.7
7.36,-5.49,-58.5,-2.7,-1.9,58.5,-4.6,9.9,5.4
7.37,-5.55,-57.9,-2.4,-1.5,58,-5,9.4,7.6
7.38,-5.64,-58.2,-1.5,-1.2,58.2,-5.6,9.3,9.4
7.39,-5.65,-58.9,-0.4,-0.9,58.9,-6.2,9.7,10.3
7.4,-5.66,-59.3,0.9,-0.6,59.3,-6.9,10.7,10.2
7.41,-5.68,-59.6,1.7,-0.8,59.6,-7.8,11.9,9.2
7.42,-5.7,-60.2,1.6,-1.6,60.3,-8.7,12.5,8
7.43,-5.68,-60.7,0.7,-2.4,60.8,-9.4,11.8,7
7.44,-5.64,-60.8,-0.3,-2.9,60.9,-9.9,9.9,6.8
7.45,-5.47,-60.2,-1.3,-3,60.3,-10.2,7.3,7.3
7.46,-4.2,-58.1,-2.1,-2.7,58.2,-10.4,4.6,8.5
7.47,-4.24,-50.1,-2.3,-2,50.2,-10.5,2.4,10
7.48,-4.03,-44.3,-1.2,-1.4,44.4,-10.8,1.2,11.1
7.49,-4.53,-45,-0.5,-1.5,45,-11.2,0.6,11.5
7.5,-5.05,-47.5,-0.8,-2.2,47.5,-11.9,-0.2,11.7
7.51,-5.49,-51.9,-2.1,-2.2,52,-12.7,-1.1,13
7.52,-6.05,-57.1,-2.2,-2.1,57.2,-13.5,-1.3,14.8
7.53,-6.44,-62.9,-0.4,-2.6,63,-14.1,-1.2,15.6
7.54,-6.65,-68.3,1.5,-3.9,68.5,-14.5,-2.2,14.5
7.55,-6.55,-71,1.8,-4.9,71.2,-14.7,-4.5,12.3
7.56,-6.34,-70.6,1.2,-4.8,70.7,-14.8,-6.5,10.4
7.57,-6.19,-68.4,0.8,-4.3,68.5,-15,-7.3,9
7.58,-6.15,-66.6,0.5,-4.5,66.8,-15.3,-7.8,7.8
7.59,-6.14,-66.1,-0.3,-5.4,66.3,-15.3,-9.1,7.1
7.6,-6.04,-66.1,-1.2,-6.2,66.4,-15.1,-11.5,7.2
7.61,-5.88,-65.4,-1.1,-6.2,65.7,-14.7,-13.9,7.5
7.62,-5.65,-63.7,0.2,-5.5,64,-14.1,-15.2,7.1
7.63,-5.37,-60.4,2.1,-4.6,60.6,-13.4,-15.1,4.9
7.64,-5.12,-57.2,2.8,-4.1,57.4,-13,-14.1,2.5
7.65,-4.93,-54.1,2.9,-3.7,54.3,-12.8,-12.9,0
7.66,-4.88,-51.7,2.9,-3.3,51.9,-12.8,-11.5,-2.1
7.67,-5.03,-51,3.2,-3.4,51.2,-12.9,-10.1,-4.1
7.68,-5.1,-52,3.4,-4.3,52.3,-13.3,-9.5,-6.2
7.69,-5.13,-53.5,3.4,-5.5,53.9,-13.9,-10.5,-8.1
7.7,-5.14,-53.9,3.5,-5.8,54.4,-14.6,-12.1,-9.8
7.71,-5.2,-53.4,3.8,-5.1,53.8,-15.7,-12.6,-11.5
7.72,-5.19,-52.7,3.7,-4.1,53,-17,-11.1,-12.9
7.73,-5.34,-52.4,3.1,-3.5,52.6,-18.3,-8.5,-14.2
7.74,-5.55,-52.8,1.7,-3.2,52.9,-19.5,-5.2,-14.9
7.75,-5.87,-54.2,-0.2,-2.8,54.3,-20.6,-1.2,-14.6
7.76,-6.13,-57.1,-1.5,-3.1,57.2,-21.4,2.9,-13.5
7.77,-6.25,-60.6,-1.7,-4.2,60.8,-21.8,5.9,-12.3
7.78,-6.21,-63.1,-1.3,-5.2,63.4,-21.9,7,-11.7
7.79,-5.99,-63.4,-1.3,-5.3,63.7,-21.9,7.1,-11.3
7.8,-5.69,-61.6,-1.7,-4.6,61.8,-21.7,7.5,-10.7
7.81,-5.39,-58.6,-2.4,-3.9,58.8,-21.6,8.8,-9.7
7.82,-5.15,-55.6,-3.4,-3.6,55.9,-21.4,10.5,-8.1
7.83,-5.05,-53.5,-4.7,-3.8,53.8,-21.2,11.7,-5.5
7.84,-5.1,-52.6,-5.5,-4.1,53,-21.2,11.9,-1.9
7.85,-5.28,-53.3,-5.5,-4.3,53.8,-21.4,11.3,2
7.86,-5.56,-55.4,-4.7,-4.5,55.8,-21.8,9.9,5.7
7.87,-5.86,-58.4,-3.6,-4.5,58.7,-22.5,8.3,8.5
7.88,-6.13,-61.7,-2.5,-4.4,61.9,-23.3,6.8,10.5
7.89,-6.34,-64.7,-1.6,-4.3,64.9,-24,5.8,11.7
7.9,-6.42,-67.8,-1.1,-4.6,68,-25,4.9,12.5
7.91,-6.29,-69.3,-0.6,-5.4,69.6,-25.6,3.8,12.8
7.92,-5.94,-69,0.1,-6.5,69.3,-26.1,1.4,12.4
7.93,-5.49,-66.3,1.1,-7.4,66.7,-26.2,-2.2,11.1
7.94,-5.14,-62,2,-7.9,62.5,-26.3,-6.2,9
7.95,-5.01,-57.7,2.9,-7.9,58.3,-26.2,-9.8,6.2
7.96,-5.12,-54.9,3.7,-7.6,55.6,-26.1,-12.2,2.9
7.97,-5.62,-54.8,4.5,-7.2,55.5,-26.2,-13.2,-0.6
7.98,-6.25,-57.7,5,-7.2,58.4,-26.5,-13.1,-4.1
7.99,-6.86,-62.9,5,-7.5,63.5,-27,-12.5,-7.3
8,-7.36,-68.4,4.5,-7.6,69,-27.4,-11.4,-10.2
8.01,-7.58,-72.8,3.6,-7.2,73.2,-27.7,-9.3,-12.4
8.02,-7.5,-75.1,2.6,-6.7,75.4,-27.9,-6.2,-14.1
8.03,-7.18,-75,1.3,-6.6,75.3,-27.8,-2.8,-15.2
8.04,-6.85,-72.7,-0.3,-6.4,73,-27.5,0.4,-15.7
8.05,-6.46,-69.2,-1.8,-6,69.5,-26.9,3.5,-15.3
8.06,-6.13,-65.6,-2.9,-5.3,65.9,-25.9,6.5,-14.2
8.07,-5.75,-62.3,-3.7,-5,62.6,-24.7,9.5,-12.6
8.08,-5.4,-59.3,-4.6,-5,59.7,-23.3,11.6,-10.5
8.09,-5.13,-56.4,-5.4,-5.2,56.9,-22.1,12.5,-7.6
8.1,-5.09,-54.2,-5.6,-5.2,54.7,-21.1,12.1,-4.1
8.11,-5.26,-53.4,-5.2,-4.9,53.9,-20.4,11.1,-0.5
8.12,-5.48,-54.5,-4.5,-4.5,54.8,-20.2,10.2,2.6
8.13,-5.56,-56.5,-4.2,-4.2,56.8,-20.2,9.6,5.4
8.14,-5.49,-58.2,-3.9,-4,58.5,-20.3,9.2,8.2
8.15,-5.29,-58.7,-3.2,-3.9,58.9,-20.5,8.7,10.6
8.16,-4.99,-57.5,-2.1,-4,57.7,-20.9,7.7,12.8
8.17,-4.79,-55.7,-1.3,-4.3,55.9,-21.3,6.1,13.9
8.18,-4.89,-54.5,-0.6,-4.9,54.8,-21.5,3.4,14.2
8.19,-5.3,-55.3,-0.3,-5.3,55.6,-21.5,-0.2,13.9
8.2,-5.82,-58.2,-0.2,-5.3,58.4,-21,-3.8,13.3
8.21,-6.32,-62.4,0,-4.8,62.6,-20.2,-6.2,12.3
8.22,-6.59,-66.7,0.3,-4.6,66.8,-19.3,-7.5,11
8.23,-6.5,-69.3,0.6,-4.7,69.5,-18.4,-8.2,9.4
8.24,-6.15,-69.1,0.5,-4.8,69.2,-17.5,-8.9,7.8
8.25,-5.71,-66.2,0.3,-4.9,66.4,-16.7,-9.8,6.5
8.26,-5.36,-62.2,0.6,-4.9,62.4,-16,-11,5.3
8.27,-5.21,-58.6,1.4,-4.9,58.8,-15.1,-12.4,3.7
8.28,-5.27,-56.4,1.9,-4.9,56.7,-14.3,-13.7,1.8
8.29,-5.53,-56.1,2.1,-4.7,56.3,-13.7,-14.8,-0.2
8.3,-5.92,-57.5,2,-4.3,57.7,-13.3,-15.1,-1.7
8.31,-6.33,-60.4,2,-3.8,60.5,-13.2,-14.3,-3
8.32,-6.6,-64,2,-3.5,64.1,-13.3,-12.8,-4.1
8.33,-6.72,-67.1,2,-3.8,67.3,-13.4,-11.4,-5.2
8.34,-6.73,-69.2,2.2,-4.2,69.3,-13.4,-10.7,-6.3
8.35,-6.68,-69.9,2.8,-4.4,70.1,-13.4,-10.5,-7.7
8.36,-6.61,-69.6,3.3,-4.4,69.8,-13.4,-10.2,-9.5
8.37,-6.42,-68.5,3.2,-4.1,68.7,-13.6,-9.7,-11.3
8.38,-6.15,-66.5,2.7,-3.6,66.7,-13.9,-8.4,-12.8
8.39,-5.92,-63.7,1.8,-2.9,63.8,-14.2,-6.4,-13.7
8.4,-5.9,-61.2,0.8,-2.5,61.2,-14.5,-3.8,-14.1
8.41,-6.16,-60.3,0,-2.7,60.4,-14.6,-1.5,-14
8.42,-6.61,-61.9,-0.2,-2.8,62,-14.5,0.3,-13.8
8.43,-7.13,-66.8,-0.1,-2.9,66.9,-14,2.4,-14
8.44,-7.59,-72.1,-0.1,-3.1,72.2,-13.2,4.1,-14.6
8.45,-7.87,-77,-0.6,-3.4,77.1,-12.3,5.5,-15.1
8.46,-7.91,-80.3,-1.5,-3.5,80.4,-11.2,6.6,-15
8.47,-7.65,-81.3,-2.4,-3.5,81.4,-10,7.7,-14.2
8.48,-7.2,-79.8,-2.8,-3.6,79.9,-8.7,8.3,-12.9
8.49,-6.67,-75.9,-2.8,-3.5,76,-7.5,8.4,-11.5
8.5,-6.12,-70.6,-2.4,-2.9,70.7,-6.3,8.4,-10
8.51,-5.64,-64.9,-1.6,-2.2,65,-5.3,8.9,-9
8.52,-5.3,-60,-0.7,-1.8,60,-4.2,9.9,-8.6
8.53,-5.14,-56.5,-0.2,-1.8,56.5,-3.1,10.8,-8.9
8.54,-5.09,-54.5,-0.2,-1.9,54.6,-2,11.5,-9.5
8.55,-5.21,-54,-0.2,-2.1,54.1,-0.8,11.8,-10
8.56,-5.51,-55.2,-0.3,-2.4,55.3,0.3,11.8,-10.4
8.57,-5.8,-57.8,-0.3,-3,57.9,1.3,11.1,-10.7
8.58,-5.96,-60.6,-0.4,-3.2,60.7,2.1,9.8,-10.8
8.59,-5.97,-62.3,-0.5,-2.9,62.3,2.6,8.6,-10.7
8.6,-5.86,-62.5,-0.5,-2.4,62.6,2.9,8.3,-10.6
8.61,-5.72,-61.8,-0.3,-2.2,61.8,3.2,8.4,-10.4
8.62,-5.63,-60.7,0,-2.3,60.8,3.3,8.5,-10.5
8.63,-5.69,-59.9,0.3,-2.3,59.9,3.2,8.4,-10.9
8.64,-5.89,-60.1,0.6,-2.3,60.1,3.1,8.2,-11.5
8.65,-6.13,-62,0.8,-2.7,62.1,3.1,7.6,-12.4
8.66,-6.31,-64.8,1,-3.3,64.9,3.3,5.9,-13.4
8.67,-6.32,-66.7,0.8,-3.2,66.8,3.5,3.6,-14.4
8.68,-6.19,-66.8,0.2,-2.4,66.8,3.4,2.3,-14.9
8.69,-6.02,-65.5,-0.5,-1.7,65.5,3,2.3,-14.6
8.7,-5.92,-63.5,-0.9,-1.6,63.5,2.4,2.8,-13.7
8.71,-5.92,-62.4,-0.7,-1.7,62.4,2,3.1,-12.9
8.72,-5.99,-62.2,-0.2,-1.8,62.2,1.7,3.2,-12.5
8.73,-6.22,-63.3,0.4,-2.3,63.4,1.5,3,-12.7
8.74,-6.49,-65.7,1,-3,65.8,1.2,1.8,-13.4
8.75,-6.82,-68.6,1.5,-3.2,68.7,0.7,0.1,-14.4
8.76,-7.1,-71.3,1.6,-2.9,71.4,0.1,-1,-15.4
8.77,-7.32,-73.9,1,-2.5,73.9,-0.6,-1.1,-16.2
8.78,-7.4,-75.8,0,-2.5,75.9,-1.4,-0.7,-16.2
8.79,-7.39,-76.7,-0.9,-2.3,76.7,-2.1,0,-15.4
8.8,-7.26,-76.7,-1.2,-2.4,76.7,-2.7,0.9,-14.2
8.81,-6.95,-75.8,-1,-2.8,75.8,-3.3,1.4,-13.1
8.82,-6.59,-73.4,-0.4,-3.1,73.5,-3.9,1,-12.4
8.83,-6.45,-70,0,-2.8,70,-4.7,0.6,-12.1
8.84,-6.51,-67.4,0.7,-1.9,67.4,-5.6,1.4,-12.1
8.85,-6.7,-67,1.9,-1.5,67.1,-6.5,3.5,-13
8.86,-7.02,-68.9,2.6,-1.8,69,-7.2,6.1,-14.9
8.87,-7.39,-72.3,1.5,-2.8,72.4,-7.5,8,-16.9
8.88,-7.61,-76.1,-0.7,-3.8,76.2,-7.6,8.6,-17.5
8.89,-7.7,-79.1,-2,-4.5,79.2,-7.7,8,-16.6
8.9,-7.63,-80.2,-2.3,-4.7,80.4,-8.1,6.8,-15
8.91,-7.58,-79.8,-2.3,-4.4,80,-8.8,5.7,-13.1
8.92,-7.54,-78.6,-2.2,-3.5,78.7,-9.7,5.6,-11.2
8.93,-7.39,-77.2,-1.5,-2.5,77.3,-10.6,7.3,-9.5
8.94,-7.06,-75.8,-0.7,-2,75.8,-11.3,10.6,-8.8
8.95,-6.76,-73.9,-0.4,-2.7,74,-11.7,13.9,-8.7
8.96,-6.47,-71.7,-1,-3.8,71.8,-11.9,16,-8.7
8.97,-6.19,-68.5,-1.8,-4.6,68.7,-12,16.4,-8
8.98,-6.01,-66,-2.1,-4.9,66.3,-12.2,15.8,-7
8.99,-5.98,-64.2,-2.5,-5,64.4,-12.5,14.3,-5.7
9,-6.07,-63.2,-3,-4.8,63.5,-13,12.5,-3.9
9.01,-6.06,-62.8,-3.7,-4,63,-13.8,11.4,-1.5
9.02,-5.91,-62.4,-3.8,-3.3,62.6,-14.9,11.8,1.5
9.03,-5.72,-61.7,-3.3,-3.4,61.9,-16.3,12.7,4.4
9.04,-5.59,-61,-2.6,-4.2,61.2,-18,12.9,7
9.05,-5.57,-60.5,-2.1,-4.8,60.8,-19.8,11.7,9.1
9.06,-5.55,-60.5,-1.7,-5.2,60.8,-21.7,9.8,11.1
9.07,-5.67,-61.1,-1.1,-5.3,61.3,-23.5,7.6,12.6
9.08,-5.86,-62.4,-0.4,-5.8,62.7,-25.2,5.2,13.2
9.09,-6.04,-64.4,0.1,-6.6,64.8,-26.5,2.2,13.2
9.1,-6.2,-66.4,0.3,-7.4,66.8,-27.6,-1.3,12.7
9.11,-6.26,-67.9,0.4,-7.9,68.3,-28.3,-4.8,12
9.12,-6.26,-68.6,1,-8.1,69,-28.8,-7.8,10.8
9.13,-6.21,-68.3,2.1,-8.2,68.9,-29.1,-10,8.9
9.14,-6.16,-67.5,3.4,-8.4,68.1,-29.3,-11.6,6.1
9.15,-6.15,-66.2,4.6,-8.3,66.9,-29.6,-12.5,2.6
9.16,-6.14,-64.6,5.6,-7.9,65.3,-30.1,-12.4,-1.3
9.17,-6.18,-63,6.2,-7.2,63.8,-30.8,-10.8,-5.4
9.18,-6.33,-62,6.2,-6.8,62.7,-31.6,-7.7,-9.5
9.19,-6.5,-62.3,5.2,-7,62.9,-32.3,-3.9,-13.3
9.2,-6.73,-63.7,3.3,-7.5,64.3,-32.9,-0.1,-16.4
9.21,-6.84,-65.6,0.8,-8,66.1,-33,3.3,-18.2
9.22,-6.72,-67.1,-1.7,-8.3,67.6,-32.8,6.2,-18.5
9.23,-6.4,-67.1,-4.2,-8.6,67.8,-32.2,8.5,-16.8
9.24,-5.92,-65,-6.1,-8.8,65.8,-31.7,9,-13.9
9.25,-5.45,-61.3,-7.5,-8.8,62.3,-31.4,7.9,-9.4
9.26,-5.13,-57.5,-7.8,-8.7,58.6,-31.5,5.7,-4
9.27,-4.92,-54.7,-7.7,-8.3,55.8,-32,2.9,1.5
9.28,-4.96,-53.6,-7.3,-8.1,54.7,-32.6,0,7
9.29,-5.17,-54.9,-6.7,-8,55.9,-33.1,-3.1,12
9.3,-5.58,-58.2,-5.7,-8,59,-33.3,-6.2,16.2
9.31,-5.98,-62.6,-4.3,-7.7,63.2,-33.1,-8.8,19.2
9.32,-6.35,-67.4,-2.6,-7.5,67.8,-32.7,-10.5,20.6
9.33,-6.51,-70.8,-0.2,-6.9,71.1,-32.2,-11.1,20.2
9.34,-6.39,-71.4,3.2,-5.7,71.7,-31.7,-9.8,17.5
9.35,-6.13,-68.9,6.9,-4.5,69.4,-31.2,-6.4,12.2
9.36,-5.79,-64.8,9.2,-4.5,65.6,-31,-1.8,4.7
9.37,-5.45,-60.8,9.3,-6,61.8,-30.8,2,-3.3
9.38,-5.21,-57.2,7.7,-7.7,58.3,-30.3,3.8,-10.7
9.39,-4.94,-54.2,5.6,-8.7,55.1,-29.4,4,-16.6
9.4,-4.63,-51.3,3.7,-8.7,52.2,-28.4,3.6,-21
9.41,-4.39,-48.4,1.9,-8.3,49.1,-27.2,3.2,-24
9.42,-4.22,-45.5,0,-7.6,46.1,-26.1,3.3,-25.4
9.43,-4.12,-43.1,-2.5,-6.9,43.7,-25.1,3.6,-25
9.44,-4.12,-41.7,-5.1,-6.3,42.5,-24.1,3.8,-22.2
9.45,-4.12,-41.1,-7.4,-5.9,42.2,-23.2,3.4,-17.2
9.46,-4.14,-41.3,-8.8,-5.4,42.6,-22.6,2.4,-10.6
9.47,-4.25,-41.8,-9.1,-4.7,43.1,-22.2,1.2,-3.3
9.48,-4.48,-43.3,-8.5,-3.8,44.3,-22.1,0.4,3.7
9.49,-4.66,-45.5,-7.2,-2.6,46.1,-22.1,0.8,9.7
9.5,-4.75,-48.5,-5,-1,48.8,-22.3,3.7,15.3
9.51,-4.68,-50.4,-2.9,-0.7,50.5,-23,7.3,18.1
9.52,-4.6,-52,-1.2,-1.8,52,-24.1,10.4,19.7
9.53,-4.56,-53,0.4,-3.6,53.1,-25.6,11.5,20.2
9.54,-4.68,-53.9,1.8,-5.4,54.2,-27,10,19.4
9.55,-4.85,-55.1,2.9,-6.9,55.6,-27.8,6,17.3
9.56,-5.02,-56,4.4,-7.6,56.6,-27.8,0.9,13.6
9.57,-5.19,-56.2,5.9,-7.6,57.1,-27.1,-4.1,8.3
9.58,-5.44,-56.5,6.4,-7.3,57.3,-26,-7.8,2.2
9.59,-5.68,-57.3,5.2,-7.1,58,-25.2,-10,-3.1
9.6,-5.88,-59,2.8,-7.3,59.5,-24.6,-11.5,-6.3
9.61,-5.95,-61,0.4,-7.8,61.5,-24,-13.3,-7.1
9.62,-5.89,-62.2,-0.5,-7.9,62.7,-23.4,-15.4,-6.3
9.63,-5.74,-62,0,-7.3,62.4,-22.8,-17.1,-5.5
9.64,-5.57,-60.3,1.4,-5.9,60.6,-22.2,-17.2,-5.4
9.65,-5.35,-57.3,2.8,-3.8,57.5,-21.8,-15.1,-6.6
9.66,-5.19,-53.7,3.1,-1.5,53.8,-21.6,-10.3,-8.5
9.67,-4.93,-50.8,2,-0.1,50.8,-21.4,-3.5,-10.3
9.68,-4.02,-46.1,0.6,-0.5,46.1,-20.9,3.2,-11.6
9.69,-5.1,-45.9,-0.4,-2.1,45.9,-19.9,8,-12.7
9.7,-5.97,-49.4,-1.2,-4.1,49.5,-18.5,9.8,-13.2
9.71,-6.48,-58.5,-1.5,-5.4,58.8,-17,9,-13.3
9.72,-6.76,-65.4,-0.8,-5.2,65.6,-15.5,6.9,-13.5
9.73,-6.87,-68.8,-1.2,-4.3,68.9,-14.3,5.9,-13.5
9.74,-6.8,-69.8,-2.7,-3.1,69.9,-13,6.3,-12.7
9.75,-6.74,-69.6,-4.1,-2.5,69.8,-11.9,7.9,-10.7
9.76,-6.63,-68.5,-4.8,-1.8,68.7,-10.9,11,-6.8
9.77,-6.63,-68.3,-4,-2.2,68.5,-10.2,13.7,-3.9
9.78,-6.59,-68.9,-2.1,-3,69,-9.4,15.4,-2.1
9.79,-6.6,-69.8,-0.3,-3.9,69.9,-8.4,15.5,-2.1
9.8,-6.47,-69.7,0.9,-4,69.9,-7.4,14.7,-3.3
9.81,-6.39,-68.9,0.8,-3.9,69,-6.3,13.8,-5
9.82,-6.18,-67.3,-0.2,-3.5,67.4,-5,13.1,-6.2
9.83,-5.98,-65.3,-1.6,-3.1,65.4,-3.7,12.7,-6.4
9.84,-5.71,-62.6,-2.9,-2.6,62.7,-2.5,12.8,-5.4
9.85,-5.47,-60,-3.5,-2.4,60.1,-1.6,13.2,-3.3
9.86,-5.26,-57.6,-3.1,-2.4,57.7,-1,13.6,-0.8
9.87,-5.09,-55.6,-1.7,-2.4,55.7,-0.5,13.7,0.9
9.88,-4.98,-54,0.1,-2.4,54.1,-0.1,13.6,1.3
9.89,-5.01,-53.2,1.4,-2.3,53.2,0.3,13.6,0.3
9.9,-5.1,-53.2,2.2,-2.4,53.3,0.9,13.4,-1.6
9.91,-5.22,-54.1,2.5,-2.6,54.2,1.5,13.1,-4
9.92,-5.33,-55.3,2.2,-2.6,55.4,2.4,12.6,-6.5
9.93,-5.34,-56.3,1.1,-2.6,56.4,3.3,12.1,-8.6
9.94,-5.2,-56.4,-0.5,-2.5,56.5,4.3,11.6,-9.4
9.95,-4.96,-55.2,-1.7,-2.4,55.3,5.2,11.3,-8.9
9.96,-4.69,-53.1,-2,-2.3,53.2,5.9,11,-7.5
9.97,-4.45,-50.5,-1.4,-2.2,50.6,6.4,10.8,-6.2
9.98,-4.38,-48.2,-0.5,-2.1,48.3,6.8,10.4,-5.5
9.99,-4.4,-47,0.6,-2.3,47.1,7.2,9.8,-5.7
10,-4.47,-47.3,1.7,-2.5,47.4,7.6,8.6,-6.9
10.01,-4.71,-48.3,2.6,-2.6,48.4,7.9,7.1,-8.9
10.02,-5.06,-50.5,3.2,-2.7,50.7,8,5.2,-11.5
10.03,-5.49,-54.9,2.8,-2.8,55,7.9,2.6,-14.5
10.04,-5.76,-58.3,1.8,-2.5,58.4,7.6,0.9,-16.2
10.05,-5.93,-61,0.7,-2,61,7.2,0,-16.9
10.06,-5.85,-62.1,-0.7,-1.5,62.1,6.9,0.1,-16.6
10.07,-5.66,-61.5,-2.1,-1.3,61.5,6.5,0.6,-15.1
10.08,-5.39,-59.7,-2.5,-1.6,59.7,6.2,0.9,-12.9